"","filename","n_species_trees"
"1","article_0_0_0_0_0.RDa",2
"2","article_0_0_0_0_1.RDa",2
"3","article_0_0_0_1_0.RDa",2
"4","article_0_0_0_1_1.RDa",2
"5","article_0_0_0_2_0.RDa",2
"6","article_0_0_0_2_1.RDa",2
"7","article_0_0_1_0_0.RDa",2
"8","article_0_0_1_0_1.RDa",2
"9","article_0_0_1_1_0.RDa",2
"10","article_0_0_1_1_1.RDa",2
"11","article_0_0_1_2_0.RDa",2
"12","article_0_0_1_2_1.RDa",2
"13","article_0_0_2_0_0.RDa",2
"14","article_0_0_2_0_1.RDa",2
"15","article_0_0_2_1_0.RDa",2
"16","article_0_0_2_1_1.RDa",2
"17","article_0_0_2_2_0.RDa",2
"18","article_0_0_2_2_1.RDa",2
"19","article_0_1_0_0_0.RDa",2
"20","article_0_1_0_0_1.RDa",2
"21","article_0_1_0_1_0.RDa",2
"22","article_0_1_0_1_1.RDa",2
"23","article_0_1_0_2_0.RDa",2
"24","article_0_1_0_2_1.RDa",2
"25","article_0_1_1_0_0.RDa",2
"26","article_0_1_1_0_1.RDa",2
"27","article_0_1_1_1_0.RDa",2
"28","article_0_1_1_1_1.RDa",2
"29","article_0_1_1_2_0.RDa",2
"30","article_0_1_1_2_1.RDa",2
"31","article_0_1_2_0_0.RDa",2
"32","article_0_1_2_0_1.RDa",2
"33","article_0_1_2_1_0.RDa",2
"34","article_0_1_2_1_1.RDa",2
"35","article_0_1_2_2_0.RDa",2
"36","article_0_1_2_2_1.RDa",2
"37","article_0_2_0_0_0.RDa",2
"38","article_0_2_0_0_1.RDa",2
"39","article_0_2_0_1_0.RDa",2
"40","article_0_2_0_1_1.RDa",2
"41","article_0_2_0_2_0.RDa",2
"42","article_0_2_0_2_1.RDa",2
"43","article_0_2_1_0_0.RDa",2
"44","article_0_2_1_0_1.RDa",2
"45","article_0_2_1_1_0.RDa",2
"46","article_0_2_1_1_1.RDa",2
"47","article_0_2_1_2_0.RDa",2
"48","article_0_2_1_2_1.RDa",2
"49","article_0_2_2_0_0.RDa",2
"50","article_0_2_2_0_1.RDa",2
"51","article_0_2_2_1_0.RDa",2
"52","article_0_2_2_1_1.RDa",2
"53","article_0_2_2_2_0.RDa",2
"54","article_0_2_2_2_1.RDa",2
"55","article_0_3_0_0_0.RDa",2
"56","article_0_3_0_0_1.RDa",2
"57","article_0_3_0_1_0.RDa",2
"58","article_0_3_0_1_1.RDa",2
"59","article_0_3_0_2_0.RDa",2
"60","article_0_3_0_2_1.RDa",2
"61","article_0_3_1_0_0.RDa",2
"62","article_0_3_1_0_1.RDa",2
"63","article_0_3_1_1_0.RDa",2
"64","article_0_3_1_1_1.RDa",2
"65","article_0_3_1_2_0.RDa",2
"66","article_0_3_1_2_1.RDa",2
"67","article_0_3_2_0_0.RDa",2
"68","article_0_3_2_0_1.RDa",2
"69","article_0_3_2_1_0.RDa",2
"70","article_0_3_2_1_1.RDa",2
"71","article_0_3_2_2_0.RDa",2
"72","article_0_3_2_2_1.RDa",2
"73","article_1_0_0_0_0.RDa",2
"74","article_1_0_0_0_1.RDa",2
"75","article_1_0_0_1_0.RDa",2
"76","article_1_0_0_1_1.RDa",2
"77","article_1_0_0_2_0.RDa",2
"78","article_1_0_0_2_1.RDa",2
"79","article_1_0_1_0_0.RDa",2
"80","article_1_0_1_0_1.RDa",2
"81","article_1_0_1_1_0.RDa",2
"82","article_1_0_1_1_1.RDa",2
"83","article_1_0_1_2_0.RDa",2
"84","article_1_0_1_2_1.RDa",2
"85","article_1_0_2_0_0.RDa",2
"86","article_1_0_2_0_1.RDa",2
"87","article_1_0_2_1_0.RDa",2
"88","article_1_0_2_1_1.RDa",2
"89","article_1_0_2_2_0.RDa",2
"90","article_1_0_2_2_1.RDa",2
"91","article_1_0_3_0_0.RDa",2
"92","article_1_0_3_0_1.RDa",2
"93","article_1_0_3_1_0.RDa",2
"94","article_1_0_3_1_1.RDa",2
"95","article_1_0_3_2_0.RDa",2
"96","article_1_0_3_2_1.RDa",2
"97","article_1_1_0_0_0.RDa",2
"98","article_1_1_0_0_1.RDa",2
"99","article_1_1_0_1_0.RDa",2
"100","article_1_1_0_1_1.RDa",2
"101","article_1_1_0_2_0.RDa",2
"102","article_1_1_0_2_1.RDa",2
"103","article_1_1_1_0_0.RDa",2
"104","article_1_1_1_0_1.RDa",2
"105","article_1_1_1_1_0.RDa",2
"106","article_1_1_1_1_1.RDa",2
"107","article_1_1_1_2_0.RDa",2
"108","article_1_1_1_2_1.RDa",2
"109","article_1_1_2_0_0.RDa",2
"110","article_1_1_2_0_1.RDa",2
"111","article_1_1_2_1_0.RDa",2
"112","article_1_1_2_1_1.RDa",2
"113","article_1_1_2_2_0.RDa",2
"114","article_1_1_2_2_1.RDa",2
"115","article_1_1_3_0_0.RDa",2
"116","article_1_1_3_0_1.RDa",2
"117","article_1_1_3_1_0.RDa",2
"118","article_1_1_3_1_1.RDa",2
"119","article_1_1_3_2_0.RDa",2
"120","article_1_1_3_2_1.RDa",2
"121","article_1_2_0_0_0.RDa",2
"122","article_1_2_0_0_1.RDa",2
"123","article_1_2_0_1_0.RDa",2
"124","article_1_2_0_1_1.RDa",2
"125","article_1_2_0_2_0.RDa",2
"126","article_1_2_0_2_1.RDa",2
"127","article_1_2_1_0_0.RDa",2
"128","article_1_2_1_0_1.RDa",2
"129","article_1_2_1_1_0.RDa",2
"130","article_1_2_1_1_1.RDa",2
"131","article_1_2_1_2_0.RDa",2
"132","article_1_2_1_2_1.RDa",2
"133","article_1_2_2_0_0.RDa",2
"134","article_1_2_2_0_1.RDa",2
"135","article_1_2_2_1_0.RDa",2
"136","article_1_2_2_1_1.RDa",2
"137","article_1_2_2_2_0.RDa",2
"138","article_1_2_2_2_1.RDa",2
"139","article_1_2_3_0_0.RDa",2
"140","article_1_2_3_0_1.RDa",2
"141","article_1_2_3_1_0.RDa",2
"142","article_1_2_3_1_1.RDa",2
"143","article_1_2_3_2_0.RDa",2
"144","article_1_2_3_2_1.RDa",2
"145","article_1_3_0_0_0.RDa",0
"146","article_1_3_0_0_1.RDa",0
"147","article_1_3_0_1_0.RDa",0
"148","article_1_3_0_1_1.RDa",0
"149","article_1_3_0_2_0.RDa",0
"150","article_1_3_0_2_1.RDa",0
"151","article_1_3_1_0_0.RDa",0
"152","article_1_3_1_0_1.RDa",0
"153","article_1_3_1_1_0.RDa",0
"154","article_1_3_1_1_1.RDa",0
"155","article_1_3_1_2_0.RDa",0
"156","article_1_3_1_2_1.RDa",0
"157","article_1_3_2_0_0.RDa",2
"158","article_1_3_2_0_1.RDa",2
"159","article_1_3_2_1_0.RDa",2
"160","article_1_3_2_1_1.RDa",2
"161","article_1_3_2_2_0.RDa",2
"162","article_1_3_2_2_1.RDa",2
"163","article_1_3_3_0_0.RDa",2
"164","article_1_3_3_0_1.RDa",2
"165","article_1_3_3_1_0.RDa",2
"166","article_1_3_3_1_1.RDa",2
"167","article_1_3_3_2_0.RDa",2
"168","article_1_3_3_2_1.RDa",2
