"","filenames","n_taxa"
"1","article_0_0_0_0_0.RDa",3
"2","article_0_0_0_0_1.RDa",3
"3","article_0_0_0_0_2.RDa",3
"4","article_0_0_0_1_0.RDa",3
"5","article_0_0_0_1_1.RDa",3
"6","article_0_0_0_1_2.RDa",3
"7","article_0_0_0_2_0.RDa",3
"8","article_0_0_0_2_1.RDa",3
"9","article_0_0_0_2_2.RDa",3
"10","article_0_0_1_0_0.RDa",3
"11","article_0_0_1_0_1.RDa",3
"12","article_0_0_1_0_2.RDa",3
"13","article_0_0_1_1_0.RDa",3
"14","article_0_0_1_1_1.RDa",3
"15","article_0_0_1_1_2.RDa",3
"16","article_0_0_1_2_0.RDa",3
"17","article_0_0_1_2_1.RDa",3
"18","article_0_0_1_2_2.RDa",3
"19","article_0_0_2_0_0.RDa",3
"20","article_0_0_2_0_1.RDa",3
"21","article_0_0_2_0_2.RDa",3
"22","article_0_0_2_1_0.RDa",3
"23","article_0_0_2_1_1.RDa",3
"24","article_0_0_2_1_2.RDa",3
"25","article_0_0_2_2_0.RDa",3
"26","article_0_0_2_2_1.RDa",3
"27","article_0_0_2_2_2.RDa",3
"28","article_0_0_3_0_0.RDa",2
"29","article_0_0_3_0_1.RDa",2
"30","article_0_0_3_0_2.RDa",2
"31","article_0_0_3_1_0.RDa",2
"32","article_0_0_3_1_1.RDa",2
"33","article_0_0_3_1_2.RDa",2
"34","article_0_0_3_2_0.RDa",2
"35","article_0_0_3_2_1.RDa",2
"36","article_0_0_3_2_2.RDa",2
"37","article_0_1_0_0_0.RDa",5
"38","article_0_1_0_0_1.RDa",5
"39","article_0_1_0_0_2.RDa",5
"40","article_0_1_0_1_0.RDa",5
"41","article_0_1_0_1_1.RDa",5
"42","article_0_1_0_1_2.RDa",5
"43","article_0_1_0_2_0.RDa",5
"44","article_0_1_0_2_1.RDa",5
"45","article_0_1_0_2_2.RDa",5
"46","article_0_1_1_0_0.RDa",4
"47","article_0_1_1_0_1.RDa",4
"48","article_0_1_1_0_2.RDa",4
"49","article_0_1_1_1_0.RDa",4
"50","article_0_1_1_1_1.RDa",4
"51","article_0_1_1_1_2.RDa",4
"52","article_0_1_1_2_0.RDa",4
"53","article_0_1_1_2_1.RDa",4
"54","article_0_1_1_2_2.RDa",4
"55","article_0_1_2_0_0.RDa",4
"56","article_0_1_2_0_1.RDa",4
"57","article_0_1_2_0_2.RDa",4
"58","article_0_1_2_1_0.RDa",4
"59","article_0_1_2_1_1.RDa",4
"60","article_0_1_2_1_2.RDa",4
"61","article_0_1_2_2_0.RDa",4
"62","article_0_1_2_2_1.RDa",4
"63","article_0_1_2_2_2.RDa",4
"64","article_0_1_3_0_0.RDa",4
"65","article_0_1_3_0_1.RDa",4
"66","article_0_1_3_0_2.RDa",4
"67","article_0_1_3_1_0.RDa",4
"68","article_0_1_3_1_1.RDa",4
"69","article_0_1_3_1_2.RDa",4
"70","article_0_1_3_2_0.RDa",4
"71","article_0_1_3_2_1.RDa",4
"72","article_0_1_3_2_2.RDa",4
"73","article_0_2_0_0_0.RDa",6
"74","article_0_2_0_0_1.RDa",6
"75","article_0_2_0_0_2.RDa",6
"76","article_0_2_0_1_0.RDa",6
"77","article_0_2_0_1_1.RDa",6
"78","article_0_2_0_1_2.RDa",6
"79","article_0_2_0_2_0.RDa",6
"80","article_0_2_0_2_1.RDa",6
"81","article_0_2_0_2_2.RDa",6
"82","article_0_2_1_0_0.RDa",11
"83","article_0_2_1_0_1.RDa",11
"84","article_0_2_1_0_2.RDa",11
"85","article_0_2_1_1_0.RDa",11
"86","article_0_2_1_1_1.RDa",11
"87","article_0_2_1_1_2.RDa",11
"88","article_0_2_1_2_0.RDa",11
"89","article_0_2_1_2_1.RDa",11
"90","article_0_2_1_2_2.RDa",11
"91","article_0_2_2_0_0.RDa",2
"92","article_0_2_2_0_1.RDa",2
"93","article_0_2_2_0_2.RDa",2
"94","article_0_2_2_1_0.RDa",2
"95","article_0_2_2_1_1.RDa",2
"96","article_0_2_2_1_2.RDa",2
"97","article_0_2_2_2_0.RDa",2
"98","article_0_2_2_2_1.RDa",2
"99","article_0_2_2_2_2.RDa",2
"100","article_0_2_3_0_0.RDa",2
"101","article_0_2_3_0_1.RDa",2
"102","article_0_2_3_0_2.RDa",2
"103","article_0_2_3_1_0.RDa",2
"104","article_0_2_3_1_1.RDa",2
"105","article_0_2_3_1_2.RDa",2
"106","article_0_2_3_2_0.RDa",2
"107","article_0_2_3_2_1.RDa",2
"108","article_0_2_3_2_2.RDa",2
"109","article_0_3_0_0_0.RDa",7
"110","article_0_3_0_0_1.RDa",7
"111","article_0_3_0_0_2.RDa",7
"112","article_0_3_0_1_0.RDa",7
"113","article_0_3_0_1_1.RDa",7
"114","article_0_3_0_1_2.RDa",7
"115","article_0_3_0_2_0.RDa",7
"116","article_0_3_0_2_1.RDa",7
"117","article_0_3_0_2_2.RDa",7
"118","article_0_3_1_0_0.RDa",3
"119","article_0_3_1_0_1.RDa",3
"120","article_0_3_1_0_2.RDa",3
"121","article_0_3_1_1_0.RDa",3
"122","article_0_3_1_1_1.RDa",3
"123","article_0_3_1_1_2.RDa",3
"124","article_0_3_1_2_0.RDa",3
"125","article_0_3_1_2_1.RDa",3
"126","article_0_3_1_2_2.RDa",3
"127","article_0_3_2_0_0.RDa",2
"128","article_0_3_2_0_1.RDa",2
"129","article_0_3_2_0_2.RDa",2
"130","article_0_3_2_1_0.RDa",2
"131","article_0_3_2_1_1.RDa",2
"132","article_0_3_2_1_2.RDa",2
"133","article_0_3_2_2_0.RDa",2
"134","article_0_3_2_2_1.RDa",2
"135","article_0_3_2_2_2.RDa",2
"136","article_0_3_3_0_0.RDa",2
"137","article_0_3_3_0_1.RDa",2
"138","article_0_3_3_0_2.RDa",2
"139","article_0_3_3_1_0.RDa",2
"140","article_0_3_3_1_1.RDa",2
"141","article_0_3_3_1_2.RDa",2
"142","article_0_3_3_2_0.RDa",2
"143","article_0_3_3_2_1.RDa",2
"144","article_0_3_3_2_2.RDa",2
"145","article_1_0_0_0_0.RDa",300
"146","article_1_0_0_0_1.RDa",300
"147","article_1_0_0_0_2.RDa",300
"148","article_1_0_0_1_0.RDa",300
"149","article_1_0_0_1_1.RDa",300
"150","article_1_0_0_1_2.RDa",300
"151","article_1_0_0_2_0.RDa",300
"152","article_1_0_0_2_1.RDa",300
"153","article_1_0_0_2_2.RDa",300
"154","article_1_0_1_0_0.RDa",77
"155","article_1_0_1_0_1.RDa",77
"156","article_1_0_1_0_2.RDa",77
"157","article_1_0_1_1_0.RDa",77
"158","article_1_0_1_1_1.RDa",77
"159","article_1_0_1_1_2.RDa",77
"160","article_1_0_1_2_0.RDa",77
"161","article_1_0_1_2_1.RDa",77
"162","article_1_0_1_2_2.RDa",77
"163","article_1_0_2_0_0.RDa",68
"164","article_1_0_2_0_1.RDa",68
"165","article_1_0_2_0_2.RDa",68
"166","article_1_0_2_1_0.RDa",68
"167","article_1_0_2_1_1.RDa",68
"168","article_1_0_2_1_2.RDa",68
"169","article_1_0_2_2_0.RDa",68
"170","article_1_0_2_2_1.RDa",68
"171","article_1_0_2_2_2.RDa",68
"172","article_1_0_3_0_0.RDa",5
"173","article_1_0_3_0_1.RDa",5
"174","article_1_0_3_0_2.RDa",5
"175","article_1_0_3_1_0.RDa",5
"176","article_1_0_3_1_1.RDa",5
"177","article_1_0_3_1_2.RDa",5
"178","article_1_0_3_2_0.RDa",5
"179","article_1_0_3_2_1.RDa",5
"180","article_1_0_3_2_2.RDa",5
"181","article_1_1_0_0_0.RDa",1353
"182","article_1_1_0_0_1.RDa",1353
"183","article_1_1_0_0_2.RDa",1353
"184","article_1_1_0_1_0.RDa",1353
"185","article_1_1_0_1_1.RDa",1353
"186","article_1_1_0_1_2.RDa",1353
"187","article_1_1_0_2_0.RDa",1353
"188","article_1_1_0_2_1.RDa",1353
"189","article_1_1_0_2_2.RDa",1353
"190","article_1_1_1_0_0.RDa",109
"191","article_1_1_1_0_1.RDa",109
"192","article_1_1_1_0_2.RDa",109
"193","article_1_1_1_1_0.RDa",109
"194","article_1_1_1_1_1.RDa",109
"195","article_1_1_1_1_2.RDa",109
"196","article_1_1_1_2_0.RDa",109
"197","article_1_1_1_2_1.RDa",109
"198","article_1_1_1_2_2.RDa",109
"199","article_1_1_2_0_0.RDa",67
"200","article_1_1_2_0_1.RDa",67
"201","article_1_1_2_0_2.RDa",67
"202","article_1_1_2_1_0.RDa",67
"203","article_1_1_2_1_1.RDa",67
"204","article_1_1_2_1_2.RDa",67
"205","article_1_1_2_2_0.RDa",67
"206","article_1_1_2_2_1.RDa",67
"207","article_1_1_2_2_2.RDa",67
"208","article_1_1_3_0_0.RDa",3
"209","article_1_1_3_0_1.RDa",3
"210","article_1_1_3_0_2.RDa",3
"211","article_1_1_3_1_0.RDa",3
"212","article_1_1_3_1_1.RDa",3
"213","article_1_1_3_1_2.RDa",3
"214","article_1_1_3_2_0.RDa",3
"215","article_1_1_3_2_1.RDa",3
"216","article_1_1_3_2_2.RDa",3
"217","article_1_2_0_0_0.RDa",2470
"218","article_1_2_0_0_1.RDa",2470
"219","article_1_2_0_0_2.RDa",2470
"220","article_1_2_0_1_0.RDa",2470
"221","article_1_2_0_1_1.RDa",2470
"222","article_1_2_0_1_2.RDa",2470
"223","article_1_2_0_2_0.RDa",2470
"224","article_1_2_0_2_1.RDa",2470
"225","article_1_2_0_2_2.RDa",2470
"226","article_1_2_1_0_0.RDa",958
"227","article_1_2_1_0_1.RDa",958
"228","article_1_2_1_0_2.RDa",958
"229","article_1_2_1_1_0.RDa",958
"230","article_1_2_1_1_1.RDa",958
"231","article_1_2_1_1_2.RDa",958
"232","article_1_2_1_2_0.RDa",958
"233","article_1_2_1_2_1.RDa",958
"234","article_1_2_1_2_2.RDa",958
"235","article_1_2_2_0_0.RDa",256
"236","article_1_2_2_0_1.RDa",256
"237","article_1_2_2_0_2.RDa",256
"238","article_1_2_2_1_0.RDa",256
"239","article_1_2_2_1_1.RDa",256
"240","article_1_2_2_1_2.RDa",256
"241","article_1_2_2_2_0.RDa",256
"242","article_1_2_2_2_1.RDa",256
"243","article_1_2_2_2_2.RDa",256
"244","article_1_2_3_0_0.RDa",19
"245","article_1_2_3_0_1.RDa",19
"246","article_1_2_3_0_2.RDa",19
"247","article_1_2_3_1_0.RDa",19
"248","article_1_2_3_1_1.RDa",19
"249","article_1_2_3_1_2.RDa",19
"250","article_1_2_3_2_0.RDa",19
"251","article_1_2_3_2_1.RDa",19
"252","article_1_2_3_2_2.RDa",19
"253","article_1_3_0_0_0.RDa",NA
"254","article_1_3_0_0_1.RDa",NA
"255","article_1_3_0_0_2.RDa",NA
"256","article_1_3_0_1_0.RDa",NA
"257","article_1_3_0_1_1.RDa",NA
"258","article_1_3_0_1_2.RDa",NA
"259","article_1_3_0_2_0.RDa",NA
"260","article_1_3_0_2_1.RDa",NA
"261","article_1_3_0_2_2.RDa",NA
"262","article_1_3_1_0_0.RDa",NA
"263","article_1_3_1_0_1.RDa",NA
"264","article_1_3_1_0_2.RDa",NA
"265","article_1_3_1_1_0.RDa",NA
"266","article_1_3_1_1_1.RDa",NA
"267","article_1_3_1_1_2.RDa",NA
"268","article_1_3_1_2_0.RDa",NA
"269","article_1_3_1_2_1.RDa",NA
"270","article_1_3_1_2_2.RDa",NA
"271","article_1_3_2_0_0.RDa",88
"272","article_1_3_2_0_1.RDa",88
"273","article_1_3_2_0_2.RDa",88
"274","article_1_3_2_1_0.RDa",88
"275","article_1_3_2_1_1.RDa",88
"276","article_1_3_2_1_2.RDa",88
"277","article_1_3_2_2_0.RDa",88
"278","article_1_3_2_2_1.RDa",88
"279","article_1_3_2_2_2.RDa",88
"280","article_1_3_3_0_0.RDa",41
"281","article_1_3_3_0_1.RDa",41
"282","article_1_3_3_0_2.RDa",41
"283","article_1_3_3_1_0.RDa",41
"284","article_1_3_3_1_1.RDa",41
"285","article_1_3_3_1_2.RDa",41
"286","article_1_3_3_2_0.RDa",41
"287","article_1_3_3_2_1.RDa",41
"288","article_1_3_3_2_2.RDa",41
"289","article_2_0_0_0_0.RDa",NA
"290","article_2_0_0_0_1.RDa",NA
"291","article_2_0_0_0_2.RDa",NA
"292","article_2_0_0_1_0.RDa",NA
"293","article_2_0_0_1_1.RDa",NA
"294","article_2_0_0_1_2.RDa",NA
"295","article_2_0_0_2_0.RDa",NA
"296","article_2_0_0_2_1.RDa",NA
"297","article_2_0_0_2_2.RDa",NA
"298","article_2_0_1_0_0.RDa",NA
"299","article_2_0_1_0_1.RDa",NA
"300","article_2_0_1_0_2.RDa",NA
"301","article_2_0_1_1_0.RDa",NA
"302","article_2_0_1_1_1.RDa",NA
"303","article_2_0_1_1_2.RDa",NA
"304","article_2_0_1_2_0.RDa",NA
"305","article_2_0_1_2_1.RDa",NA
"306","article_2_0_1_2_2.RDa",NA
"307","article_2_0_2_0_0.RDa",NA
"308","article_2_0_2_0_1.RDa",NA
"309","article_2_0_2_0_2.RDa",NA
"310","article_2_0_2_1_0.RDa",NA
"311","article_2_0_2_1_1.RDa",NA
"312","article_2_0_2_1_2.RDa",NA
"313","article_2_0_2_2_0.RDa",NA
"314","article_2_0_2_2_1.RDa",NA
"315","article_2_0_2_2_2.RDa",NA
"316","article_2_0_3_0_0.RDa",NA
"317","article_2_0_3_0_1.RDa",NA
"318","article_2_0_3_0_2.RDa",NA
"319","article_2_0_3_1_0.RDa",NA
"320","article_2_0_3_1_1.RDa",NA
"321","article_2_0_3_1_2.RDa",NA
"322","article_2_0_3_2_0.RDa",NA
"323","article_2_0_3_2_1.RDa",NA
"324","article_2_0_3_2_2.RDa",NA
"325","article_2_1_0_0_0.RDa",NA
"326","article_2_1_0_0_1.RDa",NA
"327","article_2_1_0_0_2.RDa",NA
"328","article_2_1_0_1_0.RDa",NA
"329","article_2_1_0_1_1.RDa",NA
"330","article_2_1_0_1_2.RDa",NA
"331","article_2_1_0_2_0.RDa",NA
"332","article_2_1_0_2_1.RDa",NA
"333","article_2_1_0_2_2.RDa",NA
"334","article_2_1_1_0_0.RDa",NA
"335","article_2_1_1_0_1.RDa",NA
"336","article_2_1_1_0_2.RDa",NA
"337","article_2_1_1_1_0.RDa",NA
"338","article_2_1_1_1_1.RDa",NA
"339","article_2_1_1_1_2.RDa",NA
"340","article_2_1_1_2_0.RDa",NA
"341","article_2_1_1_2_1.RDa",NA
"342","article_2_1_1_2_2.RDa",NA
"343","article_2_1_2_0_0.RDa",NA
"344","article_2_1_2_0_1.RDa",NA
"345","article_2_1_2_0_2.RDa",NA
"346","article_2_1_2_1_0.RDa",NA
"347","article_2_1_2_1_1.RDa",NA
"348","article_2_1_2_1_2.RDa",NA
"349","article_2_1_2_2_0.RDa",NA
"350","article_2_1_2_2_1.RDa",NA
"351","article_2_1_2_2_2.RDa",NA
"352","article_2_1_3_0_0.RDa",NA
"353","article_2_1_3_0_1.RDa",NA
"354","article_2_1_3_0_2.RDa",NA
"355","article_2_1_3_1_0.RDa",NA
"356","article_2_1_3_1_1.RDa",NA
"357","article_2_1_3_1_2.RDa",NA
"358","article_2_1_3_2_0.RDa",NA
"359","article_2_1_3_2_1.RDa",NA
"360","article_2_1_3_2_2.RDa",NA
"361","article_2_2_0_0_0.RDa",NA
"362","article_2_2_0_0_1.RDa",NA
"363","article_2_2_0_0_2.RDa",NA
"364","article_2_2_0_1_0.RDa",NA
"365","article_2_2_0_1_1.RDa",NA
"366","article_2_2_0_1_2.RDa",NA
"367","article_2_2_0_2_0.RDa",NA
"368","article_2_2_0_2_1.RDa",NA
"369","article_2_2_0_2_2.RDa",NA
"370","article_2_2_1_0_0.RDa",NA
"371","article_2_2_1_0_1.RDa",NA
"372","article_2_2_1_0_2.RDa",NA
"373","article_2_2_1_1_0.RDa",NA
"374","article_2_2_1_1_1.RDa",NA
"375","article_2_2_1_1_2.RDa",NA
"376","article_2_2_1_2_0.RDa",NA
"377","article_2_2_1_2_1.RDa",NA
"378","article_2_2_1_2_2.RDa",NA
"379","article_2_2_2_0_0.RDa",NA
"380","article_2_2_2_0_1.RDa",NA
"381","article_2_2_2_0_2.RDa",NA
"382","article_2_2_2_1_0.RDa",NA
"383","article_2_2_2_1_1.RDa",NA
"384","article_2_2_2_1_2.RDa",NA
"385","article_2_2_2_2_0.RDa",NA
"386","article_2_2_2_2_1.RDa",NA
"387","article_2_2_2_2_2.RDa",NA
"388","article_2_2_3_0_0.RDa",NA
"389","article_2_2_3_0_1.RDa",NA
"390","article_2_2_3_0_2.RDa",NA
"391","article_2_2_3_1_0.RDa",NA
"392","article_2_2_3_1_1.RDa",NA
"393","article_2_2_3_1_2.RDa",NA
"394","article_2_2_3_2_0.RDa",NA
"395","article_2_2_3_2_1.RDa",NA
"396","article_2_2_3_2_2.RDa",NA
"397","article_2_3_0_0_0.RDa",NA
"398","article_2_3_0_0_1.RDa",NA
"399","article_2_3_0_0_2.RDa",NA
"400","article_2_3_0_1_0.RDa",NA
"401","article_2_3_0_1_1.RDa",NA
"402","article_2_3_0_1_2.RDa",NA
"403","article_2_3_0_2_0.RDa",NA
"404","article_2_3_0_2_1.RDa",NA
"405","article_2_3_0_2_2.RDa",NA
"406","article_2_3_1_0_0.RDa",NA
"407","article_2_3_1_0_1.RDa",NA
"408","article_2_3_1_0_2.RDa",NA
"409","article_2_3_1_1_0.RDa",NA
"410","article_2_3_1_1_1.RDa",NA
"411","article_2_3_1_1_2.RDa",NA
"412","article_2_3_1_2_0.RDa",NA
"413","article_2_3_1_2_1.RDa",NA
"414","article_2_3_1_2_2.RDa",NA
"415","article_2_3_2_0_0.RDa",NA
"416","article_2_3_2_0_1.RDa",NA
"417","article_2_3_2_0_2.RDa",NA
"418","article_2_3_2_1_0.RDa",NA
"419","article_2_3_2_1_1.RDa",NA
"420","article_2_3_2_1_2.RDa",NA
"421","article_2_3_2_2_0.RDa",NA
"422","article_2_3_2_2_1.RDa",NA
"423","article_2_3_2_2_2.RDa",NA
"424","article_2_3_3_0_0.RDa",NA
"425","article_2_3_3_0_1.RDa",NA
"426","article_2_3_3_0_2.RDa",NA
"427","article_2_3_3_1_0.RDa",NA
"428","article_2_3_3_1_1.RDa",NA
"429","article_2_3_3_1_2.RDa",NA
"430","article_2_3_3_2_0.RDa",NA
"431","article_2_3_3_2_1.RDa",NA
"432","article_2_3_3_2_2.RDa",NA
